Resolution,BC_a,BC_b,BC_c,BC_d,L2_Error,PDE_Error_Pred,PDE_Error_True
1x,-0.5,0.5,0.0,0.0,2.4119926820276305e-05,0.19020813703536987,0.19020108878612518
1x,-0.5,0.5,0.0,0.0,4.436510062078014e-05,0.19020210206508636,0.19020259380340576
1x,-0.5,0.5,0.0,0.0,1.7454598491895013e-05,0.19020475447177887,0.19020238518714905
1x,-0.5,0.5,0.0,0.0,3.089724850724451e-05,0.19020551443099976,0.19020362198352814
1x,-0.5,0.5,0.0,0.0,1.5650828572688624e-05,0.19020028412342072,0.19020572304725647
1x,-0.5,0.5,0.0,0.0,2.3366768800769933e-05,0.19020473957061768,0.1902022361755371
1x,-0.5,0.5,0.0,0.0,1.7412463421351276e-05,0.19020603597164154,0.19020487368106842
1x,-0.5,0.5,0.0,0.0,4.963727405993268e-05,0.19021651148796082,0.19020399451255798
1x,-0.5,0.5,0.0,0.0,0.00018428207840770483,0.19021202623844147,0.1902083158493042
1x,-0.5,0.5,0.0,0.0,1.4255758287617937e-05,0.1902075558900833,0.190202996134758
1x,-0.5,0.5,0.0,0.0,2.7131456590723246e-05,0.19020317494869232,0.19020339846611023
1x,-0.5,0.5,0.0,0.0,4.284615715732798e-05,0.19019660353660583,0.1902015656232834
1x,-0.5,0.5,0.0,0.0,2.7415271688369103e-05,0.19020599126815796,0.1902027130126953
1x,-0.5,0.5,0.0,0.0,1.6958825654000975e-05,0.19020311534404755,0.19020363688468933
1x,-0.5,0.5,0.0,0.0,1.4096915947447997e-05,0.1902068555355072,0.19020138680934906
1x,-0.5,0.5,0.0,0.0,2.6308025553589687e-05,0.19020485877990723,0.1902018040418625
1x,-0.5,0.5,0.0,0.0,3.483898763079196e-05,0.19020786881446838,0.19019964337348938
1x,-0.5,0.5,0.0,0.0,1.754916229401715e-05,0.19020335376262665,0.19020305573940277
1x,-0.5,0.5,0.0,0.0,1.90476821444463e-05,0.19020739197731018,0.19020380079746246
1x,-0.5,0.5,0.0,0.0,1.3363394828047603e-05,0.19020627439022064,0.19020217657089233
1x,-0.5,0.5,0.0,0.0,1.9370381778571755e-05,0.19020366668701172,0.19020096957683563
1x,-0.5,0.5,0.0,0.0,1.4987738722993527e-05,0.1902078092098236,0.1902024745941162
1x,-0.5,0.5,0.0,0.0,2.0396244508447126e-05,0.19020555913448334,0.19020415842533112
1x,-0.5,0.5,0.0,0.0,1.5939991499180906e-05,0.19020943343639374,0.19020499289035797
1x,-0.5,0.5,0.0,0.0,2.633870462886989e-05,0.19020132720470428,0.19020232558250427
1x,-0.5,0.5,0.0,0.0,5.719935506931506e-05,0.19021278619766235,0.19020302593708038
1x,-0.5,0.5,0.0,0.0,4.034981975564733e-05,0.19020584225654602,0.19020162522792816
1x,-0.5,0.5,0.0,0.0,2.6562940547592007e-05,0.1902068704366684,0.1902017742395401
1x,-0.5,0.5,0.0,0.0,1.3859316823072731e-05,0.19020475447177887,0.19020339846611023
1x,-0.5,0.5,0.0,0.0,3.080815076828003e-05,0.19020463526248932,0.19020256400108337
1x,-0.5,0.5,0.0,0.0,2.0845074686803855e-05,0.190205916762352,0.19020384550094604
1x,-0.5,0.5,0.0,0.0,1.093780156224966e-05,0.19020339846611023,0.19020462036132812
1x,-0.5,0.5,0.0,0.0,2.068210596917197e-05,0.19020335376262665,0.19020439684391022
1x,-0.5,0.5,0.0,0.0,7.380304305115715e-05,0.19021283090114594,0.19020316004753113
1x,-0.5,0.5,0.0,0.0,1.9917742974939756e-05,0.1902005970478058,0.1902020424604416
1x,-0.5,0.5,0.0,0.0,1.2905091352877207e-05,0.1902044713497162,0.19020387530326843
1x,-0.5,0.5,0.0,0.0,1.2228400919411797e-05,0.19020308554172516,0.1902012974023819
1x,-0.5,0.5,0.0,0.0,1.6592633983236738e-05,0.19020290672779083,0.19020327925682068
1x,-0.5,0.5,0.0,0.0,7.39300376153551e-05,0.1902054101228714,0.19020521640777588
1x,-0.5,0.5,0.0,0.0,4.8766502004582435e-05,0.19020596146583557,0.1902039349079132
1x,-0.5,0.5,0.0,0.0,1.288546081923414e-05,0.19020380079746246,0.19020278751850128
1x,-0.5,0.5,0.0,0.0,2.135028080374468e-05,0.19019995629787445,0.19020259380340576
1x,-0.5,0.5,0.0,0.0,2.687599953787867e-05,0.19020551443099976,0.19020193815231323
1x,-0.5,0.5,0.0,0.0,3.191605719621293e-05,0.19020244479179382,0.19020140171051025
1x,-0.5,0.5,0.0,0.0,2.33660848607542e-05,0.19019776582717896,0.1902008056640625
1x,-0.5,0.5,0.0,0.0,2.3725457140244544e-05,0.1902078092098236,0.19020392000675201
1x,-0.5,0.5,0.0,0.0,1.8323686163057573e-05,0.19020581245422363,0.19020326435565948
1x,-0.5,0.5,0.0,0.0,3.1647599826101214e-05,0.1902073621749878,0.19020327925682068
1x,-0.5,0.5,0.0,0.0,3.9423597627319396e-05,0.19020560383796692,0.19020240008831024
1x,-0.5,0.5,0.0,0.0,1.8918120986199938e-05,0.19020695984363556,0.19020284712314606
1x,-0.5,0.5,0.0,0.0,6.331307668006048e-05,0.19020962715148926,0.1901993602514267
1x,-0.5,0.5,0.0,0.0,4.802976764040068e-05,0.19021974503993988,0.19019998610019684
1x,-0.5,0.5,0.0,0.0,1.5053702554723714e-05,0.1902119517326355,0.19020335376262665
1x,-0.5,0.5,0.0,0.0,2.3519127353210934e-05,0.1902012825012207,0.19020088016986847
1x,-0.5,0.5,0.0,0.0,3.893631583196111e-05,0.19019517302513123,0.19019876420497894
1x,-0.5,0.5,0.0,0.0,1.1786113645939622e-05,0.19020234048366547,0.19020269811153412
1x,-0.5,0.5,0.0,0.0,6.327763549052179e-05,0.19020198285579681,0.19020108878612518
1x,-0.5,0.5,0.0,0.0,2.696541378099937e-05,0.19020453095436096,0.19020220637321472
1x,-0.5,0.5,0.0,0.0,2.4934231987572275e-05,0.19021326303482056,0.19020508229732513
1x,-0.5,0.5,0.0,0.0,4.305429683881812e-05,0.19020667672157288,0.19019995629787445
1x,-0.5,0.5,0.0,0.0,5.0541006203275174e-05,0.19019553065299988,0.19019992649555206
1x,-0.5,0.5,0.0,0.0,1.8720982552622445e-05,0.19020803272724152,0.1902015209197998
1x,-0.5,0.5,0.0,0.0,1.3879161997465417e-05,0.19020560383796692,0.1902034729719162
1x,-0.5,0.5,0.0,0.0,2.683347338461317e-05,0.19020263850688934,0.19020099937915802
1x,-0.5,0.5,0.0,0.0,1.5095295566425193e-05,0.19020159542560577,0.19020235538482666
1x,-0.5,0.5,0.0,0.0,0.00016292661894112825,0.1902332603931427,0.1902008354663849
1x,-0.5,0.5,0.0,0.0,2.2792986783315428e-05,0.19020795822143555,0.1902036815881729
1x,-0.5,0.5,0.0,0.0,5.284616781864315e-05,0.1901991069316864,0.19020244479179382
1x,-0.5,0.5,0.0,0.0,3.190788993379101e-05,0.19020643830299377,0.19020268321037292
1x,-0.5,0.5,0.0,0.0,0.00015126146900001913,0.19023780524730682,0.19019892811775208
1x,-0.5,0.5,0.0,0.0,3.0608061933889985e-05,0.1902073174715042,0.19020359218120575
1x,-0.5,0.5,0.0,0.0,1.2949177289556246e-05,0.19020874798297882,0.19020353257656097
1x,-0.5,0.5,0.0,0.0,1.3237528946774546e-05,0.19020384550094604,0.1902046799659729
1x,-0.5,0.5,0.0,0.0,4.807774894288741e-05,0.19020186364650726,0.19020068645477295
1x,-0.5,0.5,0.0,0.0,2.1487281628651544e-05,0.19020460546016693,0.19020341336727142
1x,-0.5,0.5,0.0,0.0,6.69789151288569e-05,0.19019736349582672,0.19020627439022064
1x,-0.5,0.5,0.0,0.0,3.908642611349933e-05,0.1902114301919937,0.1902039796113968
1x,-0.5,0.5,0.0,0.0,3.4806871553882957e-05,0.1902059018611908,0.19020332396030426
1x,-0.5,0.5,0.0,0.0,6.176462193252519e-05,0.19021162390708923,0.1902012825012207
1x,-0.5,0.5,0.0,0.0,1.6815405615489e-05,0.19020657241344452,0.19020187854766846
1x,-0.5,0.5,0.0,0.0,4.1427018004469573e-05,0.19021525979042053,0.19020839035511017
1x,-0.5,0.5,0.0,0.0,2.2093388906796463e-05,0.1902100294828415,0.19020211696624756
1x,-0.5,0.5,0.0,0.0,1.840062213886995e-05,0.1902061551809311,0.1902010589838028
1x,-0.5,0.5,0.0,0.0,1.2730592061416246e-05,0.19020523130893707,0.19020089507102966
1x,-0.5,0.5,0.0,0.0,1.7091386325773783e-05,0.19020742177963257,0.19020241498947144
1x,-0.5,0.5,0.0,0.0,1.415659426129423e-05,0.1902024745941162,0.19020333886146545
1x,-0.5,0.5,0.0,0.0,1.3507786206901073e-05,0.19020375609397888,0.19020232558250427
1x,-0.5,0.5,0.0,0.0,1.315524696110515e-05,0.1902063488960266,0.1902022659778595
1x,-0.5,0.5,0.0,0.0,2.5370185539941303e-05,0.19020357728004456,0.1902015209197998
1x,-0.5,0.5,0.0,0.0,7.480451313313097e-05,0.1902090311050415,0.19020140171051025
1x,-0.5,0.5,0.0,0.0,0.0002011792967095971,0.19026190042495728,0.19020232558250427
1x,-0.5,0.5,0.0,0.0,1.7126825696323067e-05,0.1902054101228714,0.19020332396030426
1x,-0.5,0.5,0.0,0.0,2.4744949769228697e-05,0.1902039796113968,0.19020314514636993
1x,-0.5,0.5,0.0,0.0,3.8496167690027505e-05,0.19020001590251923,0.19020232558250427
1x,-0.5,0.5,0.0,0.0,1.373678333038697e-05,0.19020012021064758,0.1901998072862625
1x,-0.5,0.5,0.0,0.0,2.125481296388898e-05,0.19021078944206238,0.19020572304725647
1x,-0.5,0.5,0.0,0.0,1.783090556273237e-05,0.1902124285697937,0.19020304083824158
1x,-0.5,0.5,0.0,0.0,2.5079545594053343e-05,0.19019927084445953,0.1902027577161789
1x,-0.5,0.5,0.0,0.0,2.8235443096491508e-05,0.19020460546016693,0.19020308554172516
1x,-0.5,0.5,0.0,0.0,1.1641616765700746e-05,0.19020238518714905,0.19020205736160278
2x,-0.5,0.5,0.0,0.0,1.9478777176118456e-05,0.18317537009716034,0.18316903710365295
2x,-0.5,0.5,0.0,0.0,3.946353172068484e-05,0.18316863477230072,0.18316984176635742
2x,-0.5,0.5,0.0,0.0,1.365048319712514e-05,0.18316905200481415,0.18316975235939026
2x,-0.5,0.5,0.0,0.0,1.9870576579705812e-05,0.1831691414117813,0.18317045271396637
2x,-0.5,0.5,0.0,0.0,1.4523155186907388e-05,0.18316544592380524,0.18317152559757233
2x,-0.5,0.5,0.0,0.0,1.396673087583622e-05,0.18316923081874847,0.1831696331501007
2x,-0.5,0.5,0.0,0.0,1.479168076912174e-05,0.18316751718521118,0.18317127227783203
2x,-0.5,0.5,0.0,0.0,4.7828452807152644e-05,0.18317674100399017,0.1831706464290619
2x,-0.5,0.5,0.0,0.0,0.00018704443937167525,0.18320433795452118,0.1831735223531723
2x,-0.5,0.5,0.0,0.0,1.0979129001498222e-05,0.18317310512065887,0.18317002058029175
2x,-0.5,0.5,0.0,0.0,9.149398465524428e-06,0.18316856026649475,0.1831703633069992
2x,-0.5,0.5,0.0,0.0,4.144413469475694e-05,0.18316428363323212,0.18316929042339325
2x,-0.5,0.5,0.0,0.0,8.74085981195094e-06,0.1831706017255783,0.18316993117332458
2x,-0.5,0.5,0.0,0.0,1.175904708361486e-05,0.18316929042339325,0.1831701546907425
2x,-0.5,0.5,0.0,0.0,8.500193871441297e-06,0.1831715852022171,0.1831696629524231
2x,-0.5,0.5,0.0,0.0,8.458348929707427e-06,0.18317018449306488,0.18316954374313354
2x,-0.5,0.5,0.0,0.0,3.44573927577585e-05,0.18317589163780212,0.18316861987113953
2x,-0.5,0.5,0.0,0.0,4.788273599842796e-06,0.18316815793514252,0.18317018449306488
2x,-0.5,0.5,0.0,0.0,9.46434465731727e-06,0.1831701546907425,0.18317057192325592
2x,-0.5,0.5,0.0,0.0,7.779557563480921e-06,0.18316985666751862,0.18316975235939026
2x,-0.5,0.5,0.0,0.0,1.1547261237865314e-05,0.183169424533844,0.1831691861152649
2x,-0.5,0.5,0.0,0.0,1.2169459296273999e-05,0.1831718236207962,0.18316996097564697
2x,-0.5,0.5,0.0,0.0,1.2701682862825692e-05,0.18316954374313354,0.1831703931093216
2x,-0.5,0.5,0.0,0.0,1.2418909136613365e-05,0.183172807097435,0.18317194283008575
2x,-0.5,0.5,0.0,0.0,2.3231950763147324e-05,0.18316799402236938,0.1831696778535843
2x,-0.5,0.5,0.0,0.0,5.748901457991451e-05,0.18317024409770966,0.18316979706287384
2x,-0.5,0.5,0.0,0.0,4.002450077678077e-05,0.18316948413848877,0.18316926062107086
2x,-0.5,0.5,0.0,0.0,2.5174276743200608e-05,0.18317119777202606,0.18316932022571564
2x,-0.5,0.5,0.0,0.0,9.651384061726276e-06,0.18316830694675446,0.1831704080104828
2x,-0.5,0.5,0.0,0.0,1.5381579942186363e-05,0.18316899240016937,0.18317009508609772
2x,-0.5,0.5,0.0,0.0,1.3939743439550512e-05,0.18316975235939026,0.1831704080104828
2x,-0.5,0.5,0.0,0.0,6.039142135705333e-06,0.1831687092781067,0.1831710785627365
2x,-0.5,0.5,0.0,0.0,1.4374963939189911e-05,0.18316806852817535,0.18317128717899323
2x,-0.5,0.5,0.0,0.0,7.354960689553991e-05,0.18317756056785583,0.1831704080104828
2x,-0.5,0.5,0.0,0.0,1.4613961866416503e-05,0.18316616117954254,0.18316958844661713
2x,-0.5,0.5,0.0,0.0,4.729223292088136e-06,0.18316757678985596,0.18317018449306488
2x,-0.5,0.5,0.0,0.0,1.0461832061992027e-05,0.1831679493188858,0.1831691712141037
2x,-0.5,0.5,0.0,0.0,4.9010536713467445e-06,0.18316824734210968,0.18316997587680817
2x,-0.5,0.5,0.0,0.0,7.358985021710396e-05,0.18316861987113953,0.183170884847641
2x,-0.5,0.5,0.0,0.0,4.1163377318298444e-05,0.18316827714443207,0.18317052721977234
2x,-0.5,0.5,0.0,0.0,4.496607743931236e-06,0.18316802382469177,0.18316997587680817
2x,-0.5,0.5,0.0,0.0,1.9735154637601227e-05,0.18316492438316345,0.18316993117332458
2x,-0.5,0.5,0.0,0.0,1.3983783901494462e-05,0.18317100405693054,0.183169424533844
2x,-0.5,0.5,0.0,0.0,3.1348095944849774e-05,0.18316881358623505,0.18316935002803802
2x,-0.5,0.5,0.0,0.0,2.0029070583404973e-05,0.18316489458084106,0.18317003548145294
2x,-0.5,0.5,0.0,0.0,1.1446628377598245e-05,0.1831716001033783,0.1831704080104828
2x,-0.5,0.5,0.0,0.0,1.0004143405240029e-05,0.18316999077796936,0.18316981196403503
2x,-0.5,0.5,0.0,0.0,2.625758497742936e-05,0.18316978216171265,0.18317073583602905
2x,-0.5,0.5,0.0,0.0,1.1865715350722894e-05,0.18317008018493652,0.1831696778535843
2x,-0.5,0.5,0.0,0.0,7.88497163739521e-06,0.183170884847641,0.18316997587680817
2x,-0.5,0.5,0.0,0.0,6.328173185465857e-05,0.18318109214305878,0.18316827714443207
2x,-0.5,0.5,0.0,0.0,4.844713112106547e-05,0.18318228423595428,0.18316879868507385
2x,-0.5,0.5,0.0,0.0,1.2768670785590075e-05,0.1831756830215454,0.1831708401441574
2x,-0.5,0.5,0.0,0.0,1.623272146389354e-05,0.1831684410572052,0.18316903710365295
2x,-0.5,0.5,0.0,0.0,4.037876715301536e-05,0.1831643134355545,0.18316800892353058
2x,-0.5,0.5,0.0,0.0,5.6826916079444345e-06,0.1831672340631485,0.18316993117332458
2x,-0.5,0.5,0.0,0.0,5.5906093621160835e-05,0.18316799402236938,0.1831689178943634
2x,-0.5,0.5,0.0,0.0,9.743758710101247e-06,0.18316949903964996,0.18317003548145294
2x,-0.5,0.5,0.0,0.0,2.3386077373288572e-05,0.18317313492298126,0.18317119777202606
2x,-0.5,0.5,0.0,0.0,4.0997845644596964e-05,0.1831720471382141,0.18316859006881714
2x,-0.5,0.5,0.0,0.0,4.9696322093950585e-05,0.1831658035516739,0.18316857516765594
2x,-0.5,0.5,0.0,0.0,1.540220000606496e-05,0.18317440152168274,0.18316973745822906
2x,-0.5,0.5,0.0,0.0,8.832254934532102e-06,0.1831687092781067,0.18317027390003204
2x,-0.5,0.5,0.0,0.0,2.3196847905637696e-05,0.18316848576068878,0.1831689178943634
2x,-0.5,0.5,0.0,0.0,6.123817001935095e-06,0.18316690623760223,0.18316981196403503
2x,-0.5,0.5,0.0,0.0,0.00016762611630838364,0.18318185210227966,0.183169424533844
2x,-0.5,0.5,0.0,0.0,2.2434904167312197e-05,0.18317052721977234,0.18317076563835144
2x,-0.5,0.5,0.0,0.0,5.186057387618348e-05,0.18316520750522614,0.18316961824893951
2x,-0.5,0.5,0.0,0.0,3.033046414202545e-05,0.1831742227077484,0.18316985666751862
2x,-0.5,0.5,0.0,0.0,0.00015589820395689458,0.18320074677467346,0.18316830694675446
2x,-0.5,0.5,0.0,0.0,1.8716549675446004e-05,0.1831713169813156,0.18317048251628876
2x,-0.5,0.5,0.0,0.0,1.0954587196465582e-05,0.1831716001033783,0.18317045271396637
2x,-0.5,0.5,0.0,0.0,7.978082976478618e-06,0.1831670105457306,0.18317089974880219
2x,-0.5,0.5,0.0,0.0,4.762163007399067e-05,0.1831711083650589,0.18316850066184998
2x,-0.5,0.5,0.0,0.0,1.460332077840576e-05,0.18316854536533356,0.18317033350467682
2x,-0.5,0.5,0.0,0.0,6.738867523381487e-05,0.1831589639186859,0.18317139148712158
2x,-0.5,0.5,0.0,0.0,3.958568777306937e-05,0.18317751586437225,0.18317042291164398
2x,-0.5,0.5,0.0,0.0,1.3144892363925464e-05,0.18316969275474548,0.18317002058029175
2x,-0.5,0.5,0.0,0.0,6.0814465541625395e-05,0.18317705392837524,0.18316948413848877
2x,-0.5,0.5,0.0,0.0,9.893416972772684e-06,0.18317028880119324,0.1831696629524231
2x,-0.5,0.5,0.0,0.0,4.058097329107113e-05,0.18317316472530365,0.1831730306148529
2x,-0.5,0.5,0.0,0.0,1.3210934412200004e-05,0.1831739842891693,0.18316993117332458
2x,-0.5,0.5,0.0,0.0,9.638211849960499e-06,0.1831706017255783,0.18316958844661713
2x,-0.5,0.5,0.0,0.0,7.124750027287519e-06,0.1831720769405365,0.18316923081874847
2x,-0.5,0.5,0.0,0.0,8.582228474551812e-06,0.18317168951034546,0.1831696778535843
2x,-0.5,0.5,0.0,0.0,5.596240498562111e-06,0.18316805362701416,0.18317027390003204
2x,-0.5,0.5,0.0,0.0,1.1407523743400816e-05,0.18316832184791565,0.18316985666751862
2x,-0.5,0.5,0.0,0.0,1.0751154150057118e-05,0.18317048251628876,0.18316952884197235
2x,-0.5,0.5,0.0,0.0,9.323469384980854e-06,0.18316978216171265,0.18316932022571564
2x,-0.5,0.5,0.0,0.0,7.260589336510748e-05,0.18316210806369781,0.18316875398159027
2x,-0.5,0.5,0.0,0.0,0.00020638066052924842,0.18321813642978668,0.1831699013710022
2x,-0.5,0.5,0.0,0.0,7.404518328257836e-06,0.18317008018493652,0.18317003548145294
2x,-0.5,0.5,0.0,0.0,8.51026015880052e-06,0.18316875398159027,0.1831703931093216
2x,-0.5,0.5,0.0,0.0,3.194770761183463e-05,0.18316450715065002,0.18316981196403503
2x,-0.5,0.5,0.0,0.0,1.1056788935093209e-05,0.18316778540611267,0.18316864967346191
2x,-0.5,0.5,0.0,0.0,1.6290328858303837e-05,0.18317554891109467,0.1831711083650589
2x,-0.5,0.5,0.0,0.0,1.577770854055416e-05,0.18317502737045288,0.18317002058029175
2x,-0.5,0.5,0.0,0.0,2.387984022789169e-05,0.18316474556922913,0.18317033350467682
2x,-0.5,0.5,0.0,0.0,8.375378456548788e-06,0.18316984176635742,0.18317003548145294
2x,-0.5,0.5,0.0,0.0,5.723423328163335e-06,0.18316800892353058,0.18316997587680817
4x,-0.5,0.5,0.0,0.0,4.679582707467489e-05,0.17219211161136627,0.17217841744422913
4x,-0.5,0.5,0.0,0.0,0.00010080578795168549,0.1721927374601364,0.1721782684326172
4x,-0.5,0.5,0.0,0.0,4.292056109989062e-05,0.17218990623950958,0.17217834293842316
4x,-0.5,0.5,0.0,0.0,0.00011984995217062533,0.1721903532743454,0.17217829823493958
4x,-0.5,0.5,0.0,0.0,3.7560468626907095e-05,0.17218773066997528,0.1721780002117157
4x,-0.5,0.5,0.0,0.0,8.349712152266875e-05,0.1721898466348648,0.17217841744422913
4x,-0.5,0.5,0.0,0.0,4.5085049350745976e-05,0.17218653857707977,0.1721779704093933
4x,-0.5,0.5,0.0,0.0,7.339174044318497e-05,0.17219474911689758,0.17217828333377838
4x,-0.5,0.5,0.0,0.0,0.000196132852579467,0.1722220480442047,0.17217756807804108
4x,-0.5,0.5,0.0,0.0,5.303534635459073e-05,0.17219360172748566,0.1721782684326172
4x,-0.5,0.5,0.0,0.0,0.00011972160427831113,0.17218995094299316,0.1721782684326172
4x,-0.5,0.5,0.0,0.0,7.881912461016327e-05,0.17219042778015137,0.1721784770488739
4x,-0.5,0.5,0.0,0.0,0.0001266147883143276,0.17219272255897522,0.17217837274074554
4x,-0.5,0.5,0.0,0.0,7.029569678707048e-05,0.17218953371047974,0.1721782237291336
4x,-0.5,0.5,0.0,0.0,5.2133553253952414e-05,0.17219161987304688,0.1721784919500351
4x,-0.5,0.5,0.0,0.0,0.00011540021660039201,0.17219218611717224,0.17217838764190674
4x,-0.5,0.5,0.0,0.0,0.00010187314910581335,0.17219886183738708,0.1721785068511963
4x,-0.5,0.5,0.0,0.0,8.184866601368412e-05,0.1721901297569275,0.1721782088279724
4x,-0.5,0.5,0.0,0.0,7.282318983925506e-05,0.17219047248363495,0.1721782088279724
4x,-0.5,0.5,0.0,0.0,5.06781943840906e-05,0.17219100892543793,0.17217837274074554
4x,-0.5,0.5,0.0,0.0,8.991300273919478e-05,0.1721924990415573,0.1721784919500351
4x,-0.5,0.5,0.0,0.0,5.591468288912438e-05,0.17219264805316925,0.17217834293842316
4x,-0.5,0.5,0.0,0.0,7.863822975195944e-05,0.17219161987304688,0.17217813432216644
4x,-0.5,0.5,0.0,0.0,4.379362871986814e-05,0.17219310998916626,0.17217795550823212
4x,-0.5,0.5,0.0,0.0,7.692852523177862e-05,0.17218944430351257,0.17217834293842316
4x,-0.5,0.5,0.0,0.0,7.243865547934547e-05,0.17219454050064087,0.17217837274074554
4x,-0.5,0.5,0.0,0.0,7.499699859181419e-05,0.1721918284893036,0.17217838764190674
4x,-0.5,0.5,0.0,0.0,4.8380959924543276e-05,0.17219534516334534,0.17217831313610077
4x,-0.5,0.5,0.0,0.0,4.3865296902367845e-05,0.172189399600029,0.17217835783958435
4x,-0.5,0.5,0.0,0.0,0.0001124026020988822,0.17219001054763794,0.1721782237291336
4x,-0.5,0.5,0.0,0.0,5.522489664144814e-05,0.17218860983848572,0.1721782386302948
4x,-0.5,0.5,0.0,0.0,4.6129476686473936e-05,0.17218920588493347,0.17217817902565002
4x,-0.5,0.5,0.0,0.0,7.773487595841289e-05,0.17218898236751556,0.17217807471752167
4x,-0.5,0.5,0.0,0.0,8.04819937911816e-05,0.17219474911689758,0.17217837274074554
4x,-0.5,0.5,0.0,0.0,7.004098006291315e-05,0.17218883335590363,0.1721784472465515
4x,-0.5,0.5,0.0,0.0,5.9203794080531225e-05,0.17219017446041107,0.17217831313610077
4x,-0.5,0.5,0.0,0.0,4.81527422380168e-05,0.17219196259975433,0.17217841744422913
4x,-0.5,0.5,0.0,0.0,7.547721907030791e-05,0.17218929529190063,0.1721782237291336
4x,-0.5,0.5,0.0,0.0,8.739157783566043e-05,0.17219163477420807,0.17217808961868286
4x,-0.5,0.5,0.0,0.0,0.00010830846440512687,0.17218774557113647,0.17217810451984406
4x,-0.5,0.5,0.0,0.0,6.117988959886134e-05,0.17218898236751556,0.17217814922332764
4x,-0.5,0.5,0.0,0.0,6.0326201491989195e-05,0.17218704521656036,0.17217837274074554
4x,-0.5,0.5,0.0,0.0,9.723740367917344e-05,0.1721929907798767,0.17217834293842316
4x,-0.5,0.5,0.0,0.0,5.195581616135314e-05,0.17219237983226776,0.1721785068511963
4x,-0.5,0.5,0.0,0.0,5.101831993670203e-05,0.17218869924545288,0.1721787005662918
4x,-0.5,0.5,0.0,0.0,0.0001020281488308683,0.17219191789627075,0.17217817902565002
4x,-0.5,0.5,0.0,0.0,6.697611388517544e-05,0.17219001054763794,0.17217828333377838
4x,-0.5,0.5,0.0,0.0,6.619422492804006e-05,0.1721881777048111,0.17217817902565002
4x,-0.5,0.5,0.0,0.0,0.0001667326141614467,0.1721918135881424,0.17217834293842316
4x,-0.5,0.5,0.0,0.0,8.071790216490626e-05,0.17219188809394836,0.17217834293842316
4x,-0.5,0.5,0.0,0.0,7.731683581368998e-05,0.172199547290802,0.17217852175235748
4x,-0.5,0.5,0.0,0.0,5.70701013202779e-05,0.17220661044120789,0.17217861115932465
4x,-0.5,0.5,0.0,0.0,3.362115967320278e-05,0.1721932590007782,0.17217814922332764
4x,-0.5,0.5,0.0,0.0,9.327587758889422e-05,0.17218974232673645,0.17217852175235748
4x,-0.5,0.5,0.0,0.0,7.464695227099583e-05,0.1721900850534439,0.17217862606048584
4x,-0.5,0.5,0.0,0.0,5.780673018307425e-05,0.17218999564647675,0.17217837274074554
4x,-0.5,0.5,0.0,0.0,0.0001149538074969314,0.17219340801239014,0.17217865586280823
4x,-0.5,0.5,0.0,0.0,0.00011346485553076491,0.1721915751695633,0.17217834293842316
4x,-0.5,0.5,0.0,0.0,5.1886923756683245e-05,0.17218820750713348,0.17217817902565002
4x,-0.5,0.5,0.0,0.0,7.25737918401137e-05,0.17219308018684387,0.17217861115932465
4x,-0.5,0.5,0.0,0.0,7.155570347094908e-05,0.17218610644340515,0.1721784919500351
4x,-0.5,0.5,0.0,0.0,4.221846756990999e-05,0.17219498753547668,0.17217838764190674
4x,-0.5,0.5,0.0,0.0,5.077841706224717e-05,0.1721896529197693,0.17217834293842316
4x,-0.5,0.5,0.0,0.0,5.467249866342172e-05,0.1721884161233902,0.17217861115932465
4x,-0.5,0.5,0.0,0.0,6.639570347033441e-05,0.17218898236751556,0.17217837274074554
4x,-0.5,0.5,0.0,0.0,0.00018477885168977082,0.1722111999988556,0.1721784770488739
4x,-0.5,0.5,0.0,0.0,4.200636612949893e-05,0.17218807339668274,0.1721782386302948
4x,-0.5,0.5,0.0,0.0,8.672685362398624e-05,0.17218691110610962,0.17217855155467987
4x,-0.5,0.5,0.0,0.0,9.625707025406882e-05,0.1721954345703125,0.1721782684326172
4x,-0.5,0.5,0.0,0.0,0.00016699392290320247,0.17222148180007935,0.172178715467453
4x,-0.5,0.5,0.0,0.0,0.00010691913485061377,0.17219169437885284,0.17217817902565002
4x,-0.5,0.5,0.0,0.0,4.062842344865203e-05,0.17219142615795135,0.17217829823493958
4x,-0.5,0.5,0.0,0.0,4.986543717677705e-05,0.1721871942281723,0.1721784919500351
4x,-0.5,0.5,0.0,0.0,6.797276728320867e-05,0.1721958965063095,0.1721787452697754
4x,-0.5,0.5,0.0,0.0,7.935204484965652e-05,0.17219047248363495,0.1721782684326172
4x,-0.5,0.5,0.0,0.0,8.858586807036772e-05,0.172184020280838,0.1721782684326172
4x,-0.5,0.5,0.0,0.0,6.356101221172139e-05,0.17219668626785278,0.1721782684326172
4x,-0.5,0.5,0.0,0.0,0.00013767718337476254,0.1721908301115036,0.1721782386302948
4x,-0.5,0.5,0.0,0.0,7.541290688095614e-05,0.17220176756381989,0.17217852175235748
4x,-0.5,0.5,0.0,0.0,5.10820173076354e-05,0.17219077050685883,0.17217841744422913
4x,-0.5,0.5,0.0,0.0,5.202044849283993e-05,0.17218875885009766,0.17217795550823212
4x,-0.5,0.5,0.0,0.0,7.307917258003727e-05,0.17219333350658417,0.17217831313610077
4x,-0.5,0.5,0.0,0.0,7.633604400325567e-05,0.17219199240207672,0.17217829823493958
4x,-0.5,0.5,0.0,0.0,5.3483850933844224e-05,0.1721935272216797,0.1721784919500351
4x,-0.5,0.5,0.0,0.0,6.625681271543726e-05,0.17219215631484985,0.17217814922332764
4x,-0.5,0.5,0.0,0.0,6.198359187692404e-05,0.17218849062919617,0.17217810451984406
4x,-0.5,0.5,0.0,0.0,5.192841854295693e-05,0.17218993604183197,0.17217829823493958
4x,-0.5,0.5,0.0,0.0,3.666355041787028e-05,0.17219068109989166,0.17217841744422913
4x,-0.5,0.5,0.0,0.0,0.00011461882968433201,0.17219208180904388,0.1721785068511963
4x,-0.5,0.5,0.0,0.0,7.180371176218614e-05,0.17217707633972168,0.17217837274074554
4x,-0.5,0.5,0.0,0.0,0.0002131127257598564,0.17223294079303741,0.17217837274074554
4x,-0.5,0.5,0.0,0.0,6.940069579286501e-05,0.17219167947769165,0.1721782386302948
4x,-0.5,0.5,0.0,0.0,0.00010100807412527502,0.17218980193138123,0.1721782237291336
4x,-0.5,0.5,0.0,0.0,8.961412095231935e-05,0.17218539118766785,0.1721784472465515
4x,-0.5,0.5,0.0,0.0,5.730216435040347e-05,0.17219093441963196,0.17217864096164703
4x,-0.5,0.5,0.0,0.0,6.031213342794217e-05,0.17219401895999908,0.17217807471752167
4x,-0.5,0.5,0.0,0.0,3.8475376641144976e-05,0.17219460010528564,0.17217841744422913
4x,-0.5,0.5,0.0,0.0,4.838508539251052e-05,0.1721857339143753,0.17217828333377838
4x,-0.5,0.5,0.0,0.0,0.0001300969597650692,0.17219208180904388,0.17217843234539032
4x,-0.5,0.5,0.0,0.0,5.9661673731170595e-05,0.17219004034996033,0.17217834293842316
